Niche_ID,Store_Type,Slug,Meta_Title,Meta_Description,H1_Title,Product_Example,Niche_Pain_Point,Niche_CSV_Feature,Intro_Paragraph
1,Clothing & Apparel,export-clothing-apparel-shopify-stores,Export Clothing & Apparel Shopify Stores to CSV & Excel,Learn how to export product catalogs from clothing & apparel Shopify stores to CSV or Excel. Scrape oversized linen shirts and denim jackets variants lo...,How to Export Clothing & Apparel Shopify Stores in One Click,oversized linen shirts and denim jackets,"nested sizing grids, colorway variant lines, and fabric composition fields",Option1 Name (Size) and Option2 Name (Color) variant columns,"If you are operating in the clothing & apparel industry, performing competitor research or migration tasks is essential. Scraping product listings for oversized linen shirts and denim jackets allows you to analyze market positioning and product setups. With the Shopify Product Exporter Chrome extension, you can export these catalogs locally without having to worry about complex nested sizing grids, colorway variant lines, and fabric composition fields. This guide details how to extract catalog lists, parse Option1 Name (Size) and Option2 Name (Color) variant columns, and map product data for your own store."
2,Electronics & Gadgets,export-electronics-gadgets-shopify-stores,How to Export Electronics & Gadgets Shopify Stores: Step ...,Extract product data from Shopify electronics & gadgets stores in 1-click. Download wireless noise-canceling earbuds and smartwatches variant listings s...,How to Export Electronics & Gadgets Shopify Stores in One Click,wireless noise-canceling earbuds and smartwatches,"technical specifications, model compatibility arrays, and complex SKU numbering systems",SKU fields with leading zeros and tech spec property tags,"If you are operating in the electronics & gadgets industry, performing competitor research or migration tasks is essential. Scraping product listings for wireless noise-canceling earbuds and smartwatches allows you to analyze market positioning and product setups. With the Shopify Product Exporter Chrome extension, you can export these catalogs locally without having to worry about complex technical specifications, model compatibility arrays, and complex SKU numbering systems. This guide details how to extract catalog lists, parse SKU fields with leading zeros and tech spec property tags, and map product data for your own store."
3,Jewelry & Accessories,export-jewelry-accessories-shopify-stores,Export Jewelry & Accessories Shopify Stores to CSV & Excel,Learn how to export product catalogs from jewelry & accessories Shopify stores to CSV or Excel. Scrape sterling silver pendants and gold plated rings va...,How to Export Jewelry & Accessories Shopify Stores in One Click,sterling silver pendants and gold plated rings,"material variants, plating choices, custom engraving parameters, and gemstone categories","weight-based pricing, material variants, and engraving strings","If you are operating in the jewelry & accessories industry, performing competitor research or migration tasks is essential. Scraping product listings for sterling silver pendants and gold plated rings allows you to analyze market positioning and product setups. With the Shopify Product Exporter Chrome extension, you can export these catalogs locally without having to worry about complex material variants, plating choices, custom engraving parameters, and gemstone categories. This guide details how to extract catalog lists, parse weight-based pricing, material variants, and engraving strings, and map product data for your own store."
4,Pet Supplies,export-pet-supplies-shopify-stores,How to Export Pet Supplies Shopify Stores: Step Guide,Extract product data from Shopify pet supplies stores in 1-click. Download orthopedic dog beds and organic cat treats variant listings securely.,How to Export Pet Supplies Shopify Stores in One Click,orthopedic dog beds and organic cat treats,"pet size categorizations, dietary ingredient lists, and flavor variations",flavor/size variant attributes and bulk quantity price breaks,"If you are operating in the pet supplies industry, performing competitor research or migration tasks is essential. Scraping product listings for orthopedic dog beds and organic cat treats allows you to analyze market positioning and product setups. With the Shopify Product Exporter Chrome extension, you can export these catalogs locally without having to worry about complex pet size categorizations, dietary ingredient lists, and flavor variations. This guide details how to extract catalog lists, parse flavor/size variant attributes and bulk quantity price breaks, and map product data for your own store."
5,Home & Garden,export-home-garden-shopify-stores,Export Home & Garden Shopify Stores to CSV & Excel,Learn how to export product catalogs from home & garden Shopify stores to CSV or Excel. Scrape ceramic flower pots and ergonomic garden trowels variants...,How to Export Home & Garden Shopify Stores in One Click,ceramic flower pots and ergonomic garden trowels,"oversized item dimensions, material weights, shipping profiles, and assembly instruction links","shipping weight values, dimensions, and collection handle mappings","If you are operating in the home & garden industry, performing competitor research or migration tasks is essential. Scraping product listings for ceramic flower pots and ergonomic garden trowels allows you to analyze market positioning and product setups. With the Shopify Product Exporter Chrome extension, you can export these catalogs locally without having to worry about complex oversized item dimensions, material weights, shipping profiles, and assembly instruction links. This guide details how to extract catalog lists, parse shipping weight values, dimensions, and collection handle mappings, and map product data for your own store."
6,Beauty & Cosmetics,export-beauty-cosmetics-shopify-stores,How to Export Beauty & Cosmetics Shopify Stores: Step Guide,Extract product data from Shopify beauty & cosmetics stores in 1-click. Download matte liquid lipsticks and hydrating facial serums variant listings sec...,How to Export Beauty & Cosmetics Shopify Stores in One Click,matte liquid lipsticks and hydrating facial serums,"shade names, skin type suitability tags, volume capacity increments, and ingredient descriptions","shade/volume variants, clean ingredient lists, and image CDN urls","If you are operating in the beauty & cosmetics industry, performing competitor research or migration tasks is essential. Scraping product listings for matte liquid lipsticks and hydrating facial serums allows you to analyze market positioning and product setups. With the Shopify Product Exporter Chrome extension, you can export these catalogs locally without having to worry about complex shade names, skin type suitability tags, volume capacity increments, and ingredient descriptions. This guide details how to extract catalog lists, parse shade/volume variants, clean ingredient lists, and image CDN urls, and map product data for your own store."
7,Toys & Hobbies,export-toys-hobbies-shopify-stores,Export Toys & Hobbies Shopify Stores to CSV & Excel,Learn how to export product catalogs from toys & hobbies Shopify stores to CSV or Excel. Scrape magnetic building blocks and remote control drones varia...,How to Export Toys & Hobbies Shopify Stores in One Click,magnetic building blocks and remote control drones,"recommended age ranges, warning labels, part numbers, and box weight variables","age recommendations, safety tags, and parts inventory tables","If you are operating in the toys & hobbies industry, performing competitor research or migration tasks is essential. Scraping product listings for magnetic building blocks and remote control drones allows you to analyze market positioning and product setups. With the Shopify Product Exporter Chrome extension, you can export these catalogs locally without having to worry about complex recommended age ranges, warning labels, part numbers, and box weight variables. This guide details how to extract catalog lists, parse age recommendations, safety tags, and parts inventory tables, and map product data for your own store."
8,Sports & Outdoors,export-sports-outdoors-shopify-stores,How to Export Sports & Outdoors Shopify Stores: Step Guide,Extract product data from Shopify sports & outdoors stores in 1-click. Download carbon fiber tennis rackets and lightweight camping tents variant listin...,How to Export Sports & Outdoors Shopify Stores in One Click,carbon fiber tennis rackets and lightweight camping tents,"material metrics, weight specifications, gear options, and weather ratings","weight variables, tension specifications, and activewear option columns","If you are operating in the sports & outdoors industry, performing competitor research or migration tasks is essential. Scraping product listings for carbon fiber tennis rackets and lightweight camping tents allows you to analyze market positioning and product setups. With the Shopify Product Exporter Chrome extension, you can export these catalogs locally without having to worry about complex material metrics, weight specifications, gear options, and weather ratings. This guide details how to extract catalog lists, parse weight variables, tension specifications, and activewear option columns, and map product data for your own store."
9,Fitness & Yoga,export-fitness-yoga-shopify-stores,Export Fitness & Yoga Shopify Stores to CSV & Excel,Learn how to export product catalogs from fitness & yoga Shopify stores to CSV or Excel. Scrape non-slip rubber yoga mats and adjustable resistance band...,How to Export Fitness & Yoga Shopify Stores in One Click,non-slip rubber yoga mats and adjustable resistance bands,"thickness variations, resistance levels, colorways, and bundle package listings","thickness options, color lists, and resistance weight attributes","If you are operating in the fitness & yoga industry, performing competitor research or migration tasks is essential. Scraping product listings for non-slip rubber yoga mats and adjustable resistance bands allows you to analyze market positioning and product setups. With the Shopify Product Exporter Chrome extension, you can export these catalogs locally without having to worry about complex thickness variations, resistance levels, colorways, and bundle package listings. This guide details how to extract catalog lists, parse thickness options, color lists, and resistance weight attributes, and map product data for your own store."
10,Kitchen & Dining,export-kitchen-dining-shopify-stores,How to Export Kitchen & Dining Shopify Stores: Step Guide,Extract product data from Shopify kitchen & dining stores in 1-click. Download stainless steel chef knives and bamboo cutting boards variant listings se...,How to Export Kitchen & Dining Shopify Stores in One Click,stainless steel chef knives and bamboo cutting boards,"material descriptions, piece-count bundles, blade lengths, and wash guidelines","pack sizes, material options, and product type mappings","If you are operating in the kitchen & dining industry, performing competitor research or migration tasks is essential. Scraping product listings for stainless steel chef knives and bamboo cutting boards allows you to analyze market positioning and product setups. With the Shopify Product Exporter Chrome extension, you can export these catalogs locally without having to worry about complex material descriptions, piece-count bundles, blade lengths, and wash guidelines. This guide details how to extract catalog lists, parse pack sizes, material options, and product type mappings, and map product data for your own store."
11,Office Supplies,export-office-supplies-shopify-stores,Export Office Supplies Shopify Stores to CSV & Excel,Learn how to export product catalogs from office supplies Shopify stores to CSV or Excel. Scrape ergonomic mesh office chairs and standing desk converte...,How to Export Office Supplies Shopify Stores in One Click,ergonomic mesh office chairs and standing desk converters,"weight capacity limits, bulk pack configurations, and dimensions","bulk quantities, height variables, and shipping profile classes","If you are operating in the office supplies industry, performing competitor research or migration tasks is essential. Scraping product listings for ergonomic mesh office chairs and standing desk converters allows you to analyze market positioning and product setups. With the Shopify Product Exporter Chrome extension, you can export these catalogs locally without having to worry about complex weight capacity limits, bulk pack configurations, and dimensions. This guide details how to extract catalog lists, parse bulk quantities, height variables, and shipping profile classes, and map product data for your own store."
12,Automotive Parts,export-automotive-parts-shopify-stores,How to Export Automotive Parts Shopify Stores: Step Guide,Extract product data from Shopify automotive parts stores in 1-click. Download carbon fiber brake pads and LED headlight bulbs variant listings securely.,How to Export Automotive Parts Shopify Stores in One Click,carbon fiber brake pads and LED headlight bulbs,"vehicle fitment databases, OEM part number crossovers, and compatibility models","OEM cross-reference fields, year-make-model lists, and parts options","If you are operating in the automotive parts industry, performing competitor research or migration tasks is essential. Scraping product listings for carbon fiber brake pads and LED headlight bulbs allows you to analyze market positioning and product setups. With the Shopify Product Exporter Chrome extension, you can export these catalogs locally without having to worry about complex vehicle fitment databases, OEM part number crossovers, and compatibility models. This guide details how to extract catalog lists, parse OEM cross-reference fields, year-make-model lists, and parts options, and map product data for your own store."
13,Baby & Toddler,export-baby-toddler-shopify-stores,Export Baby & Toddler Shopify Stores to CSV & Excel,Learn how to export product catalogs from baby & toddler Shopify stores to CSV or Excel. Scrape organic cotton baby rompers and silicone teething toys v...,How to Export Baby & Toddler Shopify Stores in One Click,organic cotton baby rompers and silicone teething toys,"baby age brackets, safety standards, material textures, and washing guides","age/size variants, safety tag values, and fabric material classifications","If you are operating in the baby & toddler industry, performing competitor research or migration tasks is essential. Scraping product listings for organic cotton baby rompers and silicone teething toys allows you to analyze market positioning and product setups. With the Shopify Product Exporter Chrome extension, you can export these catalogs locally without having to worry about complex baby age brackets, safety standards, material textures, and washing guides. This guide details how to extract catalog lists, parse age/size variants, safety tag values, and fabric material classifications, and map product data for your own store."
14,Tools & Home Improvement,export-tools-home-improvement-shopify-stores,How to Export Tools & Home Improvement Shopify Stores: St...,Extract product data from Shopify tools & home improvement stores in 1-click. Download brushless cordless drills and magnetic level bars variant listing...,How to Export Tools & Home Improvement Shopify Stores in One Click,brushless cordless drills and magnetic level bars,"voltage levels, battery capacities, torque limits, and item weights","voltage ratings, torque limits, and accessory option mapping","If you are operating in the tools & home improvement industry, performing competitor research or migration tasks is essential. Scraping product listings for brushless cordless drills and magnetic level bars allows you to analyze market positioning and product setups. With the Shopify Product Exporter Chrome extension, you can export these catalogs locally without having to worry about complex voltage levels, battery capacities, torque limits, and item weights. This guide details how to extract catalog lists, parse voltage ratings, torque limits, and accessory option mapping, and map product data for your own store."
15,Art & Crafts,export-art-crafts-shopify-stores,Export Art & Crafts Shopify Stores to CSV & Excel,Learn how to export product catalogs from art & crafts Shopify stores to CSV or Excel. Scrape acrylic paint sets and canvas panels variants locally.,How to Export Art & Crafts Shopify Stores in One Click,acrylic paint sets and canvas panels,"color shades, medium types, size dimensions, and volume capacities","paint shade codes, canvas sizes, and product collections","If you are operating in the art & crafts industry, performing competitor research or migration tasks is essential. Scraping product listings for acrylic paint sets and canvas panels allows you to analyze market positioning and product setups. With the Shopify Product Exporter Chrome extension, you can export these catalogs locally without having to worry about complex color shades, medium types, size dimensions, and volume capacities. This guide details how to extract catalog lists, parse paint shade codes, canvas sizes, and product collections, and map product data for your own store."
16,Books & Stationery,export-books-stationery-shopify-stores,How to Export Books & Stationery Shopify Stores: Step Guide,Extract product data from Shopify books & stationery stores in 1-click. Download leather-bound bullet journals and calligraphy pen sets variant listings...,How to Export Books & Stationery Shopify Stores in One Click,leather-bound bullet journals and calligraphy pen sets,"paper weight metrics, cover formats, page rulings, and binding types","ISBN numbers, cover options, page count attributes, and paper weights","If you are operating in the books & stationery industry, performing competitor research or migration tasks is essential. Scraping product listings for leather-bound bullet journals and calligraphy pen sets allows you to analyze market positioning and product setups. With the Shopify Product Exporter Chrome extension, you can export these catalogs locally without having to worry about complex paper weight metrics, cover formats, page rulings, and binding types. This guide details how to extract catalog lists, parse ISBN numbers, cover options, page count attributes, and paper weights, and map product data for your own store."
17,Health & Wellness,export-health-wellness-shopify-stores,Export Health & Wellness Shopify Stores to CSV & Excel,Learn how to export product catalogs from health & wellness Shopify stores to CSV or Excel. Scrape vegan protein powders and herbal supplements variants...,How to Export Health & Wellness Shopify Stores in One Click,vegan protein powders and herbal supplements,"supplement facts, allergens list, container weights, and flavor arrays","flavor lists, ingredient warnings, and container size attributes","If you are operating in the health & wellness industry, performing competitor research or migration tasks is essential. Scraping product listings for vegan protein powders and herbal supplements allows you to analyze market positioning and product setups. With the Shopify Product Exporter Chrome extension, you can export these catalogs locally without having to worry about complex supplement facts, allergens list, container weights, and flavor arrays. This guide details how to extract catalog lists, parse flavor lists, ingredient warnings, and container size attributes, and map product data for your own store."
18,Food & Beverage,export-food-beverage-shopify-stores,How to Export Food & Beverage Shopify Stores: Step Guide,Extract product data from Shopify food & beverage stores in 1-click. Download dark roast coffee beans and organic matcha teas variant listings securely.,How to Export Food & Beverage Shopify Stores in One Click,dark roast coffee beans and organic matcha teas,"roast levels, packaging sizes, origin regions, and grind formats","grind variants, bag sizes, and origin country records","If you are operating in the food & beverage industry, performing competitor research or migration tasks is essential. Scraping product listings for dark roast coffee beans and organic matcha teas allows you to analyze market positioning and product setups. With the Shopify Product Exporter Chrome extension, you can export these catalogs locally without having to worry about complex roast levels, packaging sizes, origin regions, and grind formats. This guide details how to extract catalog lists, parse grind variants, bag sizes, and origin country records, and map product data for your own store."
19,Watches & Timepieces,export-watches-timepieces-shopify-stores,Export Watches & Timepieces Shopify Stores to CSV & Excel,Learn how to export product catalogs from watches & timepieces Shopify stores to CSV or Excel. Scrape automatic mechanical watches and leather strap chr...,How to Export Watches & Timepieces Shopify Stores in One Click,automatic mechanical watches and leather strap chronographs,"case sizes, movement types, strap materials, and water resistance specifications","movement models, dial sizes, strap materials, and serial codes","If you are operating in the watches & timepieces industry, performing competitor research or migration tasks is essential. Scraping product listings for automatic mechanical watches and leather strap chronographs allows you to analyze market positioning and product setups. With the Shopify Product Exporter Chrome extension, you can export these catalogs locally without having to worry about complex case sizes, movement types, strap materials, and water resistance specifications. This guide details how to extract catalog lists, parse movement models, dial sizes, strap materials, and serial codes, and map product data for your own store."
20,Shoes & Footwear,export-shoes-footwear-shopify-stores,How to Export Shoes & Footwear Shopify Stores: Step Guide,Extract product data from Shopify shoes & footwear stores in 1-click. Download breathable running shoes and leather chelsea boots variant listings secur...,How to Export Shoes & Footwear Shopify Stores in One Click,breathable running shoes and leather chelsea boots,"gender sizes, foot widths, color combinations, and heel drop measurements","shoe sizes, width attributes, and color variant matrices","If you are operating in the shoes & footwear industry, performing competitor research or migration tasks is essential. Scraping product listings for breathable running shoes and leather chelsea boots allows you to analyze market positioning and product setups. With the Shopify Product Exporter Chrome extension, you can export these catalogs locally without having to worry about complex gender sizes, foot widths, color combinations, and heel drop measurements. This guide details how to extract catalog lists, parse shoe sizes, width attributes, and color variant matrices, and map product data for your own store."
21,Bags & Luggage,export-bags-luggage-shopify-stores,Export Bags & Luggage Shopify Stores to CSV & Excel,Learn how to export product catalogs from bags & luggage Shopify stores to CSV or Excel. Scrape waterproof laptop backpacks and leather travel duffel ba...,How to Export Bags & Luggage Shopify Stores in One Click,waterproof laptop backpacks and leather travel duffel bags,"liter capacities, compartment sizes, material types, and strap adjustments","liter counts, bag dimensions, material details, and color selections","If you are operating in the bags & luggage industry, performing competitor research or migration tasks is essential. Scraping product listings for waterproof laptop backpacks and leather travel duffel bags allows you to analyze market positioning and product setups. With the Shopify Product Exporter Chrome extension, you can export these catalogs locally without having to worry about complex liter capacities, compartment sizes, material types, and strap adjustments. This guide details how to extract catalog lists, parse liter counts, bag dimensions, material details, and color selections, and map product data for your own store."
22,Print on Demand,export-print-on-demand-shopify-stores,How to Export Print on Demand Shopify Stores: Step Guide,Extract product data from Shopify print on demand stores in 1-click. Download custom graphic hoodies and printed ceramic mugs variant listings securely.,How to Export Print on Demand Shopify Stores in One Click,custom graphic hoodies and printed ceramic mugs,"print template file sizes, mock-up images, base colors, and print size ranges","design IDs, shirt sizes, base colors, and variant SKU maps","If you are operating in the print on demand industry, performing competitor research or migration tasks is essential. Scraping product listings for custom graphic hoodies and printed ceramic mugs allows you to analyze market positioning and product setups. With the Shopify Product Exporter Chrome extension, you can export these catalogs locally without having to worry about complex print template file sizes, mock-up images, base colors, and print size ranges. This guide details how to extract catalog lists, parse design IDs, shirt sizes, base colors, and variant SKU maps, and map product data for your own store."
23,Phone Cases,export-phone-cases-shopify-stores,Export Phone Cases Shopify Stores to CSV & Excel,Learn how to export product catalogs from phone cases Shopify stores to CSV or Excel. Scrape shockproof phone covers and wood engraved cases variants lo...,How to Export Phone Cases Shopify Stores in One Click,shockproof phone covers and wood engraved cases,"phone model compatibilities, material designs, finish textures, and shock ratings","device model compatibility, finish types, and shock rating categories","If you are operating in the phone cases industry, performing competitor research or migration tasks is essential. Scraping product listings for shockproof phone covers and wood engraved cases allows you to analyze market positioning and product setups. With the Shopify Product Exporter Chrome extension, you can export these catalogs locally without having to worry about complex phone model compatibilities, material designs, finish textures, and shock ratings. This guide details how to extract catalog lists, parse device model compatibility, finish types, and shock rating categories, and map product data for your own store."
24,Wall Art & Home Decor,export-wall-art-home-decor-shopify-stores,How to Export Wall Art & Home Decor Shopify Stores: Step ...,Extract product data from Shopify wall art & home decor stores in 1-click. Download framed canvas prints and abstract metal wall sculptures variant list...,How to Export Wall Art & Home Decor Shopify Stores in One Click,framed canvas prints and abstract metal wall sculptures,"print dimensions, frame colors, hanging styles, and material media","dimension listings, frame options, and medium attributes","If you are operating in the wall art & home decor industry, performing competitor research or migration tasks is essential. Scraping product listings for framed canvas prints and abstract metal wall sculptures allows you to analyze market positioning and product setups. With the Shopify Product Exporter Chrome extension, you can export these catalogs locally without having to worry about complex print dimensions, frame colors, hanging styles, and material media. This guide details how to extract catalog lists, parse dimension listings, frame options, and medium attributes, and map product data for your own store."
25,Candles & Scents,export-candles-scents-shopify-stores,Export Candles & Scents Shopify Stores to CSV & Excel,Learn how to export product catalogs from candles & scents Shopify stores to CSV or Excel. Scrape soy wax scented candles and essential oil reed diffuse...,How to Export Candles & Scents Shopify Stores in One Click,soy wax scented candles and essential oil reed diffusers,"scent notes, burn times, wax weights, and vessel containers","scent profiles, wax weights, burn times, and pack choices","If you are operating in the candles & scents industry, performing competitor research or migration tasks is essential. Scraping product listings for soy wax scented candles and essential oil reed diffusers allows you to analyze market positioning and product setups. With the Shopify Product Exporter Chrome extension, you can export these catalogs locally without having to worry about complex scent notes, burn times, wax weights, and vessel containers. This guide details how to extract catalog lists, parse scent profiles, wax weights, burn times, and pack choices, and map product data for your own store."
26,Gardening & Plants,export-gardening-plants-shopify-stores,How to Export Gardening & Plants Shopify Stores: Step Guide,Extract product data from Shopify gardening & plants stores in 1-click. Download indoor snake plants and organic potting soil variant listings securely.,How to Export Gardening & Plants Shopify Stores in One Click,indoor snake plants and organic potting soil,"sunlight needs, watering schedules, pot sizes, and shipping toxicity rules","pot diameter indices, light requirements, and plant care tags","If you are operating in the gardening & plants industry, performing competitor research or migration tasks is essential. Scraping product listings for indoor snake plants and organic potting soil allows you to analyze market positioning and product setups. With the Shopify Product Exporter Chrome extension, you can export these catalogs locally without having to worry about complex sunlight needs, watering schedules, pot sizes, and shipping toxicity rules. This guide details how to extract catalog lists, parse pot diameter indices, light requirements, and plant care tags, and map product data for your own store."
27,Camping & Hiking,export-camping-hiking-shopify-stores,Export Camping & Hiking Shopify Stores to CSV & Excel,Learn how to export product catalogs from camping & hiking Shopify stores to CSV or Excel. Scrape lightweight sleeping bags and camping cooking sets var...,How to Export Camping & Hiking Shopify Stores in One Click,lightweight sleeping bags and camping cooking sets,"temperature ratings, folded dimensions, material weights, and item fuel types","temperature limits, item weights, and fuel type mappings","If you are operating in the camping & hiking industry, performing competitor research or migration tasks is essential. Scraping product listings for lightweight sleeping bags and camping cooking sets allows you to analyze market positioning and product setups. With the Shopify Product Exporter Chrome extension, you can export these catalogs locally without having to worry about complex temperature ratings, folded dimensions, material weights, and item fuel types. This guide details how to extract catalog lists, parse temperature limits, item weights, and fuel type mappings, and map product data for your own store."
28,Cycling & Bikes,export-cycling-bikes-shopify-stores,How to Export Cycling & Bikes Shopify Stores: Step Guide,Extract product data from Shopify cycling & bikes stores in 1-click. Download road bike helmets and alloy bicycle pedals variant listings securely.,How to Export Cycling & Bikes Shopify Stores in One Click,road bike helmets and alloy bicycle pedals,"frame sizes, wheel diameters, gear ranges, and composite materials","frame dimensions, wheel sizes, material specs, and color options","If you are operating in the cycling & bikes industry, performing competitor research or migration tasks is essential. Scraping product listings for road bike helmets and alloy bicycle pedals allows you to analyze market positioning and product setups. With the Shopify Product Exporter Chrome extension, you can export these catalogs locally without having to worry about complex frame sizes, wheel diameters, gear ranges, and composite materials. This guide details how to extract catalog lists, parse frame dimensions, wheel sizes, material specs, and color options, and map product data for your own store."
29,Fishing Gear,export-fishing-gear-shopify-stores,Export Fishing Gear Shopify Stores to CSV & Excel,Learn how to export product catalogs from fishing gear Shopify stores to CSV or Excel. Scrape telescopic carbon fishing rods and artificial lure kits va...,How to Export Fishing Gear Shopify Stores in One Click,telescopic carbon fishing rods and artificial lure kits,"rod lengths, action sensitivities, line weights, and lure target species","rod length values, action specs, and line test classes","If you are operating in the fishing gear industry, performing competitor research or migration tasks is essential. Scraping product listings for telescopic carbon fishing rods and artificial lure kits allows you to analyze market positioning and product setups. With the Shopify Product Exporter Chrome extension, you can export these catalogs locally without having to worry about complex rod lengths, action sensitivities, line weights, and lure target species. This guide details how to extract catalog lists, parse rod length values, action specs, and line test classes, and map product data for your own store."
30,Musical Instruments,export-musical-instruments-shopify-stores,How to Export Musical Instruments Shopify Stores: Step Guide,Extract product data from Shopify musical instruments stores in 1-click. Download acoustic steel-string guitars and digital MIDI keyboards variant listi...,How to Export Musical Instruments Shopify Stores in One Click,acoustic steel-string guitars and digital MIDI keyboards,"wood specifications, key weights, electronic outputs, and accessory bundles","wood profiles, key metrics, connection types, and accessory bundles","If you are operating in the musical instruments industry, performing competitor research or migration tasks is essential. Scraping product listings for acoustic steel-string guitars and digital MIDI keyboards allows you to analyze market positioning and product setups. With the Shopify Product Exporter Chrome extension, you can export these catalogs locally without having to worry about complex wood specifications, key weights, electronic outputs, and accessory bundles. This guide details how to extract catalog lists, parse wood profiles, key metrics, connection types, and accessory bundles, and map product data for your own store."
31,Smart Home Devices,export-smart-home-devices-shopify-stores,Export Smart Home Devices Shopify Stores to CSV & Excel,Learn how to export product catalogs from smart home devices Shopify stores to CSV or Excel. Scrape smart video doorbells and voice-controlled smart plu...,How to Export Smart Home Devices Shopify Stores in One Click,smart video doorbells and voice-controlled smart plugs,"smart app compatibilities, wireless protocols, voltages, and hub settings","app integrations, wireless protocols, voltage attributes, and model names","If you are operating in the smart home devices industry, performing competitor research or migration tasks is essential. Scraping product listings for smart video doorbells and voice-controlled smart plugs allows you to analyze market positioning and product setups. With the Shopify Product Exporter Chrome extension, you can export these catalogs locally without having to worry about complex smart app compatibilities, wireless protocols, voltages, and hub settings. This guide details how to extract catalog lists, parse app integrations, wireless protocols, voltage attributes, and model names, and map product data for your own store."
32,Video Games & Consoles,export-video-games-consoles-shopify-stores,How to Export Video Games & Consoles Shopify Stores: Step...,Extract product data from Shopify video games & consoles stores in 1-click. Download custom gaming controllers and console charging stands variant listi...,How to Export Video Games & Consoles Shopify Stores in One Click,custom gaming controllers and console charging stands,"platform compatibilities, color configurations, button mapping modifications, and connection types","gaming platform codes, connection ports, and custom color variations","If you are operating in the video games & consoles industry, performing competitor research or migration tasks is essential. Scraping product listings for custom gaming controllers and console charging stands allows you to analyze market positioning and product setups. With the Shopify Product Exporter Chrome extension, you can export these catalogs locally without having to worry about complex platform compatibilities, color configurations, button mapping modifications, and connection types. This guide details how to extract catalog lists, parse gaming platform codes, connection ports, and custom color variations, and map product data for your own store."
33,Anime & Geek Merchandise,export-anime-geek-merchandise-shopify-stores,Export Anime & Geek Merchandise Shopify Stores to CSV & E...,Learn how to export product catalogs from anime & geek merchandise Shopify stores to CSV or Excel. Scrape anime graphic t-shirts and collectible action ...,How to Export Anime & Geek Merchandise Shopify Stores in One Click,anime graphic t-shirts and collectible action figures,"anime series tags, character lists, material details, and size metrics","character names, series collections, and action figure heights","If you are operating in the anime & geek merchandise industry, performing competitor research or migration tasks is essential. Scraping product listings for anime graphic t-shirts and collectible action figures allows you to analyze market positioning and product setups. With the Shopify Product Exporter Chrome extension, you can export these catalogs locally without having to worry about complex anime series tags, character lists, material details, and size metrics. This guide details how to extract catalog lists, parse character names, series collections, and action figure heights, and map product data for your own store."
34,Vintage & Antique Goods,export-vintage-antique-goods-shopify-stores,How to Export Vintage & Antique Goods Shopify Stores: Ste...,Extract product data from Shopify vintage & antique goods stores in 1-click. Download mid-century modern desk lamps and vintage leather jackets variant ...,How to Export Vintage & Antique Goods Shopify Stores in One Click,mid-century modern desk lamps and vintage leather jackets,"wear conditions, production decades, antique categories, and single-item stock issues","condition indices, production eras, and single-unit stock counters","If you are operating in the vintage & antique goods industry, performing competitor research or migration tasks is essential. Scraping product listings for mid-century modern desk lamps and vintage leather jackets allows you to analyze market positioning and product setups. With the Shopify Product Exporter Chrome extension, you can export these catalogs locally without having to worry about complex wear conditions, production decades, antique categories, and single-item stock issues. This guide details how to extract catalog lists, parse condition indices, production eras, and single-unit stock counters, and map product data for your own store."
35,Sustainable & Eco Products,export-sustainable-eco-products-shopify-stores,Export Sustainable & Eco Products Shopify Stores to CSV &...,Learn how to export product catalogs from sustainable & eco products Shopify stores to CSV or Excel. Scrape reusable bamboo fiber makeup rounds and zero...,How to Export Sustainable & Eco Products Shopify Stores in One Click,reusable bamboo fiber makeup rounds and zero-waste storage wraps,"eco certification credentials, organic material percentages, and packaging choices","certification types, composition percentages, and compostable tags","If you are operating in the sustainable & eco products industry, performing competitor research or migration tasks is essential. Scraping product listings for reusable bamboo fiber makeup rounds and zero-waste storage wraps allows you to analyze market positioning and product setups. With the Shopify Product Exporter Chrome extension, you can export these catalogs locally without having to worry about complex eco certification credentials, organic material percentages, and packaging choices. This guide details how to extract catalog lists, parse certification types, composition percentages, and compostable tags, and map product data for your own store."
36,Minimalist Organizers,export-minimalist-organizers-shopify-stores,How to Export Minimalist Organizers Shopify Stores: Step ...,Extract product data from Shopify minimalist organizers stores in 1-click. Download acrylic makeup organizer drawers and modular closet shelves variant ...,How to Export Minimalist Organizers Shopify Stores in One Click,acrylic makeup organizer drawers and modular closet shelves,"compartment dimensions, material clear sheets, weight capacities, and stacked sizes","drawer count variables, height/width metrics, and material finishes","If you are operating in the minimalist organizers industry, performing competitor research or migration tasks is essential. Scraping product listings for acrylic makeup organizer drawers and modular closet shelves allows you to analyze market positioning and product setups. With the Shopify Product Exporter Chrome extension, you can export these catalogs locally without having to worry about complex compartment dimensions, material clear sheets, weight capacities, and stacked sizes. This guide details how to extract catalog lists, parse drawer count variables, height/width metrics, and material finishes, and map product data for your own store."
37,Handmade Artisan Goods,export-handmade-artisan-goods-shopify-stores,Export Handmade Artisan Goods Shopify Stores to CSV & Excel,Learn how to export product catalogs from handmade artisan goods Shopify stores to CSV or Excel. Scrape hand-thrown ceramic coffee mugs and knitted wool...,How to Export Handmade Artisan Goods Shopify Stores in One Click,hand-thrown ceramic coffee mugs and knitted wool scarves,"artisan profiles, custom color glazes, processing times, and weight differences","maker names, glaze variants, lead times, and piece weights","If you are operating in the handmade artisan goods industry, performing competitor research or migration tasks is essential. Scraping product listings for hand-thrown ceramic coffee mugs and knitted wool scarves allows you to analyze market positioning and product setups. With the Shopify Product Exporter Chrome extension, you can export these catalogs locally without having to worry about complex artisan profiles, custom color glazes, processing times, and weight differences. This guide details how to extract catalog lists, parse maker names, glaze variants, lead times, and piece weights, and map product data for your own store."
38,Maternity Wear,export-maternity-wear-shopify-stores,How to Export Maternity Wear Shopify Stores: Step Guide,Extract product data from Shopify maternity wear stores in 1-click. Download over-the-belly maternity leggings and nursing bras variant listings securely.,How to Export Maternity Wear Shopify Stores in One Click,over-the-belly maternity leggings and nursing bras,"pregnancy stages, sizing options, fabric stretch levels, and support zones","trimester fit options, support categories, and size variants","If you are operating in the maternity wear industry, performing competitor research or migration tasks is essential. Scraping product listings for over-the-belly maternity leggings and nursing bras allows you to analyze market positioning and product setups. With the Shopify Product Exporter Chrome extension, you can export these catalogs locally without having to worry about complex pregnancy stages, sizing options, fabric stretch levels, and support zones. This guide details how to extract catalog lists, parse trimester fit options, support categories, and size variants, and map product data for your own store."
39,Hair Extensions & Wigs,export-hair-extensions-wigs-shopify-stores,Export Hair Extensions & Wigs Shopify Stores to CSV & Excel,Learn how to export product catalogs from hair extensions & wigs Shopify stores to CSV or Excel. Scrape human hair lace front wigs and clip-in extension...,How to Export Hair Extensions & Wigs Shopify Stores in One Click,human hair lace front wigs and clip-in extensions,"hair lengths, color codes, density parameters, and lace structures","hair density percentages, color codes, lengths, and lace types","If you are operating in the hair extensions & wigs industry, performing competitor research or migration tasks is essential. Scraping product listings for human hair lace front wigs and clip-in extensions allows you to analyze market positioning and product setups. With the Shopify Product Exporter Chrome extension, you can export these catalogs locally without having to worry about complex hair lengths, color codes, density parameters, and lace structures. This guide details how to extract catalog lists, parse hair density percentages, color codes, lengths, and lace types, and map product data for your own store."
40,Leather Goods,export-leather-goods-shopify-stores,How to Export Leather Goods Shopify Stores: Step Guide,Extract product data from Shopify leather goods stores in 1-click. Download handmade leather wallets and full-grain leather belts variant listings secur...,How to Export Leather Goods Shopify Stores in One Click,handmade leather wallets and full-grain leather belts,"leather grades, pocket configurations, thread stitch colors, and emboss options","leather types, card slot counts, thread options, and hardware finishes","If you are operating in the leather goods industry, performing competitor research or migration tasks is essential. Scraping product listings for handmade leather wallets and full-grain leather belts allows you to analyze market positioning and product setups. With the Shopify Product Exporter Chrome extension, you can export these catalogs locally without having to worry about complex leather grades, pocket configurations, thread stitch colors, and emboss options. This guide details how to extract catalog lists, parse leather types, card slot counts, thread options, and hardware finishes, and map product data for your own store."
41,Activewear,export-activewear-shopify-stores,Export Activewear Shopify Stores to CSV & Excel,Learn how to export product catalogs from activewear Shopify stores to CSV or Excel. Scrape high-waisted compression leggings and racerback sports bras ...,How to Export Activewear Shopify Stores in One Click,high-waisted compression leggings and racerback sports bras,"compression levels, moisture-wicking materials, sizing charts, and inseam measurements","inseam lengths, compression ratings, and fabric composition fields","If you are operating in the activewear industry, performing competitor research or migration tasks is essential. Scraping product listings for high-waisted compression leggings and racerback sports bras allows you to analyze market positioning and product setups. With the Shopify Product Exporter Chrome extension, you can export these catalogs locally without having to worry about complex compression levels, moisture-wicking materials, sizing charts, and inseam measurements. This guide details how to extract catalog lists, parse inseam lengths, compression ratings, and fabric composition fields, and map product data for your own store."
42,Sunglasses & Eyewear,export-sunglasses-eyewear-shopify-stores,How to Export Sunglasses & Eyewear Shopify Stores: Step G...,Extract product data from Shopify sunglasses & eyewear stores in 1-click. Download polarized wood frame sunglasses and blue-light blocking glasses varia...,How to Export Sunglasses & Eyewear Shopify Stores in One Click,polarized wood frame sunglasses and blue-light blocking glasses,"frame shapes, lens polarizations, UV protection ratings, and temple sizes","lens types, frame dimensions, UV protection specs, and frame widths","If you are operating in the sunglasses & eyewear industry, performing competitor research or migration tasks is essential. Scraping product listings for polarized wood frame sunglasses and blue-light blocking glasses allows you to analyze market positioning and product setups. With the Shopify Product Exporter Chrome extension, you can export these catalogs locally without having to worry about complex frame shapes, lens polarizations, UV protection ratings, and temple sizes. This guide details how to extract catalog lists, parse lens types, frame dimensions, UV protection specs, and frame widths, and map product data for your own store."
43,Tea & Herbs,export-tea-herbs-shopify-stores,Export Tea & Herbs Shopify Stores to CSV & Excel,Learn how to export product catalogs from tea & herbs Shopify stores to CSV or Excel. Scrape loose leaf chamomile tea and organic peppermint blend varia...,How to Export Tea & Herbs Shopify Stores in One Click,loose leaf chamomile tea and organic peppermint blend,"caffeine ratings, loose vs bag options, packaging weights, and brewing temperatures","caffeine content indices, bag options, pack weights, and brew instructions","If you are operating in the tea & herbs industry, performing competitor research or migration tasks is essential. Scraping product listings for loose leaf chamomile tea and organic peppermint blend allows you to analyze market positioning and product setups. With the Shopify Product Exporter Chrome extension, you can export these catalogs locally without having to worry about complex caffeine ratings, loose vs bag options, packaging weights, and brewing temperatures. This guide details how to extract catalog lists, parse caffeine content indices, bag options, pack weights, and brew instructions, and map product data for your own store."
44,Spices & Condiments,export-spices-condiments-shopify-stores,How to Export Spices & Condiments Shopify Stores: Step Guide,Extract product data from Shopify spices & condiments stores in 1-click. Download smoked chipotle sea salt and organic garlic powder variant listings se...,How to Export Spices & Condiments Shopify Stores in One Click,smoked chipotle sea salt and organic garlic powder,"heat ratings, jar volumes, spice origins, and sodium levels","scoville scale values, container sizes, spice origins, and organic tags","If you are operating in the spices & condiments industry, performing competitor research or migration tasks is essential. Scraping product listings for smoked chipotle sea salt and organic garlic powder allows you to analyze market positioning and product setups. With the Shopify Product Exporter Chrome extension, you can export these catalogs locally without having to worry about complex heat ratings, jar volumes, spice origins, and sodium levels. This guide details how to extract catalog lists, parse scoville scale values, container sizes, spice origins, and organic tags, and map product data for your own store."
45,Bedding & Linens,export-bedding-linens-shopify-stores,Export Bedding & Linens Shopify Stores to CSV & Excel,Learn how to export product catalogs from bedding & linens Shopify stores to CSV or Excel. Scrape french linen bed sheet sets and duck down duvets varia...,How to Export Bedding & Linens Shopify Stores in One Click,french linen bed sheet sets and duck down duvets,"bed dimensions, thread counts, material options, and color choices","bed size matrices, thread count ratings, and linen color options","If you are operating in the bedding & linens industry, performing competitor research or migration tasks is essential. Scraping product listings for french linen bed sheet sets and duck down duvets allows you to analyze market positioning and product setups. With the Shopify Product Exporter Chrome extension, you can export these catalogs locally without having to worry about complex bed dimensions, thread counts, material options, and color choices. This guide details how to extract catalog lists, parse bed size matrices, thread count ratings, and linen color options, and map product data for your own store."
46,Lighting & Lamps,export-lighting-lamps-shopify-stores,How to Export Lighting & Lamps Shopify Stores: Step Guide,Extract product data from Shopify lighting & lamps stores in 1-click. Download industrial metal pendant lights and dimmable brass table lamps variant li...,How to Export Lighting & Lamps Shopify Stores in One Click,industrial metal pendant lights and dimmable brass table lamps,"socket types, bulb inclusions, max wattages, and cord length settings","socket sizes, max wattage inputs, cord dimensions, and bulb options","If you are operating in the lighting & lamps industry, performing competitor research or migration tasks is essential. Scraping product listings for industrial metal pendant lights and dimmable brass table lamps allows you to analyze market positioning and product setups. With the Shopify Product Exporter Chrome extension, you can export these catalogs locally without having to worry about complex socket types, bulb inclusions, max wattages, and cord length settings. This guide details how to extract catalog lists, parse socket sizes, max wattage inputs, cord dimensions, and bulb options, and map product data for your own store."
47,Party Supplies,export-party-supplies-shopify-stores,Export Party Supplies Shopify Stores to CSV & Excel,Learn how to export product catalogs from party supplies Shopify stores to CSV or Excel. Scrape biodegradable confetti and pastel balloon arch kits vari...,How to Export Party Supplies Shopify Stores in One Click,biodegradable confetti and pastel balloon arch kits,"pack quantities, theme categories, color assortments, and material shapes","item pack sizes, theme tags, and material specifications","If you are operating in the party supplies industry, performing competitor research or migration tasks is essential. Scraping product listings for biodegradable confetti and pastel balloon arch kits allows you to analyze market positioning and product setups. With the Shopify Product Exporter Chrome extension, you can export these catalogs locally without having to worry about complex pack quantities, theme categories, color assortments, and material shapes. This guide details how to extract catalog lists, parse item pack sizes, theme tags, and material specifications, and map product data for your own store."
48,Gardening Seeds,export-gardening-seeds-shopify-stores,How to Export Gardening Seeds Shopify Stores: Step Guide,Extract product data from Shopify gardening seeds stores in 1-click. Download heirloom tomato seeds and organic wildflower seed mixes variant listings s...,How to Export Gardening Seeds Shopify Stores in One Click,heirloom tomato seeds and organic wildflower seed mixes,"germination rates, planting seasons, spacing guidelines, and soil types","planting depths, sunlight tags, days to maturity, and seed counts","If you are operating in the gardening seeds industry, performing competitor research or migration tasks is essential. Scraping product listings for heirloom tomato seeds and organic wildflower seed mixes allows you to analyze market positioning and product setups. With the Shopify Product Exporter Chrome extension, you can export these catalogs locally without having to worry about complex germination rates, planting seasons, spacing guidelines, and soil types. This guide details how to extract catalog lists, parse planting depths, sunlight tags, days to maturity, and seed counts, and map product data for your own store."
49,Board Games & Puzzles,export-board-games-puzzles-shopify-stores,Export Board Games & Puzzles Shopify Stores to CSV & Excel,Learn how to export product catalogs from board games & puzzles Shopify stores to CSV or Excel. Scrape strategy board games and 1000-piece landscape jig...,How to Export Board Games & Puzzles Shopify Stores in One Click,strategy board games and 1000-piece landscape jigsaw puzzles,"player counts, play time ranges, age recommendations, and piece counts","player counts, duration intervals, age levels, and jigsaw pieces","If you are operating in the board games & puzzles industry, performing competitor research or migration tasks is essential. Scraping product listings for strategy board games and 1000-piece landscape jigsaw puzzles allows you to analyze market positioning and product setups. With the Shopify Product Exporter Chrome extension, you can export these catalogs locally without having to worry about complex player counts, play time ranges, age recommendations, and piece counts. This guide details how to extract catalog lists, parse player counts, duration intervals, age levels, and jigsaw pieces, and map product data for your own store."
50,Pet Treats & Chews,export-pet-treats-chews-shopify-stores,How to Export Pet Treats & Chews Shopify Stores: Step Guide,Extract product data from Shopify pet treats & chews stores in 1-click. Download grain-free beef jerky dog treats and freeze-dried salmon bites variant ...,How to Export Pet Treats & Chews Shopify Stores in One Click,grain-free beef jerky dog treats and freeze-dried salmon bites,"ingredient sources, dietary allergen labels, pack weights, and age limits","ingredient strings, allergen labels, container weights, and pet sizes","If you are operating in the pet treats & chews industry, performing competitor research or migration tasks is essential. Scraping product listings for grain-free beef jerky dog treats and freeze-dried salmon bites allows you to analyze market positioning and product setups. With the Shopify Product Exporter Chrome extension, you can export these catalogs locally without having to worry about complex ingredient sources, dietary allergen labels, pack weights, and age limits. This guide details how to extract catalog lists, parse ingredient strings, allergen labels, container weights, and pet sizes, and map product data for your own store."
